Reviewer,reviews...
S17-ER-1001,S17-IR-2044
S17-IR-2001,S17-ER-1001
S17-IR-2008,S17-IR-2001
S17-IR-2004,S17-IR-2008
S17-IR-2006,S17-IR-2004
S17-IR-2011,S17-IR-2006
S17-IR-2012,S17-IR-2011
S17-IR-2013,S17-IR-2012
S17-IR-2014,S17-IR-2013
S17-IR-2017,S17-IR-2014
S17-IR-2018,S17-IR-2017
S17-IR-2019,S17-IR-2018
S17-IR-2021,S17-IR-2019
S17-IR-2022,S17-IR-2021
S17-IR-2024,S17-IR-2022
S17-IR-2026,S17-IR-2024
S17-IR-2027,S17-IR-2026
S17-IR-2028,S17-IR-2027
S17-IR-2029,S17-IR-2028
S17-IR-2030,S17-IR-2029
S17-IR-2031,S17-IR-2030
S17-IR-2034,S17-IR-2031
S17-IR-2035,S17-IR-2034
S17-IR-2036,S17-IR-2035
S17-IR-2037,S17-IR-2036
S17-IR-2038,S17-IR-2037
S17-IR-2041,S17-IR-2038
S17-IR-2044,S17-IR-2041
S17-IO-3000,S17-IR-2002
S17-IO-3002,S17-IO-3000
S17-IO-3004,S17-IO-3002
S17-IO-3005,S17-IO-3004
S17-IO-3008,S17-IO-3005
S17-IO-3010,S17-IO-3008
S17-IO-3011,S17-IO-3010
S17-IO-3012,S17-IO-3011
S17-IO-3013,S17-IO-3012
S17-IO-3014,S17-IO-3013
S17-IO-3015,S17-IO-3014
S17-IO-3016,S17-IO-3015
S17-IO-3017,S17-IO-3016
S17-IO-3020,S17-IO-3017
S17-IO-3021,S17-IO-3020
S17-IO-3022,S17-IO-3021
S17-IO-3023,S17-IO-3022
S17-IO-3024,S17-IO-3023
S17-IO-3025,S17-IO-3024
S17-IR-2002,S17-IO-3025